Controls.js,3B6McIRqoTUp88BUeG7/dm6ty2w=
FakeMirrorVertex.js,X+sekF3LUT36cfRLSx/8tayup98=
Preload.js,BTY359w+pvaa6GVmaKMmo79780A=
WS.js,b1/+ZiBeTCmj2MYNuDchh+0YZGk=
anchor/index.html,4NlG2dvxq+1w0isdTSz99ktqhtg=
app-icon-192.png,RkcYxlzpEjd3MJjuK9Uwf27PtOI=
app-icon-192.webp,stb3PynjpTxXv0icjAdVTiAknt0=
app-icon-512.png,5YV6ABKIpzD72VasxEe/q5SzWBY=
app-icon-512.webp,Ox1MOdHwaY3qnLUt/OLJ2yTWCfQ=
aveiro/index.html,UuztUbL9tRgwbUW5q+vcg7ASz98=
basel/index.html,DasYh0rYuoPgBs7jIfPVlH8sQYM=
buschberg/index.html,ZLJ8t+7r/fOeSAq3e0yLabBCyZM=
chemnitz/index.html,ypvJhPPv3JlyRiz7Wj4xKjXe3g8=
cms.js,j6hQ46CzC7SW6AeV0QgTWbw1q2g=
controls/ArmOrbitControls.js,5MQnSdvb7hvi4+0z3g0/+4Dmn98=
controls/ArmPointerLockControls.js,oH6H7KMHRyUS3dIF78PbzhUPt8A=
dresden/index.html,WwCzbj/BAxPmC5uOG/VPr34LSGo=
edmonton/index.html,9QbdpYN9Q+ylM+atQC8/VzBHzjo=
favicon.ico,qM8bSPfWB71oAH0ewJvIjVwuSEg=
hallein/index.html,uLsWlIyBhqXu3TnWY9/R2wudW4Y=
hls.js,abtv4JZ9KOkbADB19AuoW6heF8M=
imageanchor.js,qG55e13mApVeCJ/u90xP9GmqpEM=
index.html,I4/ch+k/Kxk2Dg7ytWFCFBybfD8=
kingston/index.html,EyXj1UUV9bv7/3RJ6cvbz3UYDx0=
krems/index.html,otuFmVIBeE2Fr+w3dhJr6a0MUDI=
lindabrunn/index.html,jXC3DUT+bG9QEpF6qLNG4LEdBwU=
logo.png,NRHp4oD4LOmXnzVktQk/foCnFAc=
logo.svg,8Tie+9+OrWqh9etiho++yy30cMI=
logo.webp,mCDRktFp9KFOLX/LQq3Dt2yYItQ=
main.css,GGzr3+IufbE2xyOVAzCbnZosWBA=
main.js,bkgyazRdsE7CCbXXRmVfYbyLN1c=
manifest.json,gQ7OOM9LFOw0Q2dRrjGJT35rd+w=
materials/BasFuzzyMaterial.js,vlfTxhWxcPBvrUrVQIVyrj+TyMQ=
materials/ChromaKeyMaterial.js,Gz09I2Ul/zmRnSFwduHZ0r+vZEs=
materials/DissolveMaterial.js,CjPFuVZ9iPQ8s8SkD0zlHT6hVrI=
materials/FresnelMaterial.js,TRM77vtmM/Zyg63fw3SzVFC35/o=
materials/GlowMaterial.js,hKG9deUAI0XM1bqI6z9XT4hI/vM=
materials/GlslSandboxMaterial.js,3u1j8OCXQjNJnvfvOirdCIom5qQ=
materials/UniverseMaterial.js,vo3h7EihmpuMgQuWb7tWx30cIQc=
materials/WaterPlaneMaterial.js,zQaZ/B8PikA0UgPKn0Hlk+bkLiE=
materials/WireframeMaterial.js,2APk+jvch/5DtPFdeDBrR0vlyhY=
materials/shaders/glslsandbox/82051.js,csdvtTshdoK9it1J2TRQRBxnzhg=
melk/index.html,AtUfSqUTFafmXkOu0uXB0J+vtLQ=
moon/index.html,3Gl9gMhgpqIAaKpiDHEEo+yMEsk=
mumbai/index.html,/T0JdO28Hi4Zo4n7f2Cdc2sNP8M=
ottawa/index.html,n1nFvNcopZ6OluOUlZ65TvGvO5M=
portlouis/index.html,xoGy9BgDNiAZIRASoirEnfjw05o=
portoroz/index.html,BrTTx93eloMttdvI1pjYN33Sf4c=
rapottenstein/index.html,nt30TTViBwxbhcwKj9X9ZRXQChE=
robots.txt,xHzPGknCTMWEJDCqdccu9JEpJBI=
room.js,UbAkGymNlPcbqeNPh6Ihr8c5Lmk=
room/index.html,kvht0bkDiGrs9kk5qAc47fPOJWM=
sandbox.js,7I7AWRfXVv6FyiFAQ4sLJxkmFCI=
scenes/ArtificialRoom.js,dwoIBNwFS5PYrC3ZcyPRmvMLUZY=
scenes/AudioAnalyserLights.js,A/FFnr8Lsel6J1eEDN2yffdfccM=
scenes/Boids.js,AB5vxZ+uVVskJiUjtojITX+4Jc8=
scenes/BrainWave.js,dkAu79OIayGV2ZQCQe3eu5mc9NE=
scenes/Bubbles.js,dubi0xplh42NRVx+YsQKDYnWfPQ=
scenes/Displacement.js,K0oqOGeGsKRlYPj34ZngNO1sB3g=
scenes/FakeMirror.js,zSpq8Z8oskGrakHQqmDzKJ4vx70=
scenes/FakeMirrorImages.js,W4dHx6YAypAYoqo/wrEMm8A/oSw=
scenes/GameoverOrReplay.js,izOyyNZyBw4GlluG9/KNoGlJONc=
scenes/GreenscreenPlane.js,4HTX0rTQlXojjoM3BsGr7zqcvsw=
scenes/KinectCloud.js,V8uBoaxeFVkB6i8Le5tNiGwUxss=
scenes/Latk.js,tikW/H8QyiWP+ou4pD4IB7l6pU8=
scenes/LatkVideo.js,qzQHt0AjrVkBalui11/stX/iPuo=
scenes/LightCube.js,tHbaoxdziQ75FLe9INZnLE+s+VA=
scenes/LiquidDisplacement.js,v0xv2MH2h7c+If3pf1n8R0Yj7LA=
scenes/LiquidLitto.js,nWP5UUX2v6rewI7MXVr0XsK0R3k=
scenes/MolecularVortex.js,sVQkHUW2HvOvXR8Ec0YrCucpl0I=
scenes/Moon.js,UpaY5D7baVnJY3oTWP6FYoRMKWA=
scenes/NadiasVision.js,y9WESHMcgenr9ipxQUe3YavQtOA=
scenes/PinkBlobs.js,fYqzIO84baKhI/dZPc5dOf3fznA=
scenes/Ply.js,Cd1RJJGFq+ujmvIddCvZvoYxKqg=
scenes/Portal.js,mTWOcjB83Q34NYhkWpEiOulAsWU=
schlanders/index.html,FERGFHXZ9Hm98D8X1zEYlLeiMjI=
stpoelten/index.html,ctiwjW/bFRuOyz3xC+dgyq0u90I=
toronto/index.html,iPYqwcef3/NM8jND61+FgGJTTYQ=
vendor.js,uKu5DJiQVWbYvFL3jnLEcnORnLU=
vienna/index.html,8BmXM5YU6/7HInPwhr1LuqLLs+w=